Shop Order,Die,Item Number,Item Description,Qty Req,Anilox01,Anilox02,Anilox03,Anilox04,Anilox05,Anilox06,Anilox07,Anilox08,Ink01,Ink02,Ink03,Ink04,Ink05,Ink06,Ink07,Ink08
820891,9236,W2230120077,LabBuschLt Apple 12c 25 O9236D,151.5,FA800-1,FA800-2,FA800-3,FA440-4,FA440-5,FA440-6,FA800-7,,IBW1415,IRW1374,IYW751,ISW95,IRW4692,IBL01000,IBKW351,
820872,9236,W2405120022,TwstdTeaExtreme12Pk  25 P9236D,111.1,FA800-1,FA800-2,FA800-3,FA440-4,FA440-5,FA440-6,FA800-7,,IBW1415,IRW1374,IYW751,IYW598,IORW447,IBW779,IBKW351,
820873,9236,W2405120147,PartyPkTwistedTea12Pk 24P9236D,106.05,FA800-1,FA800-2,FA800-3,FA440-4,FA440-5,,FA800-6,,IBW1415,IRW1374,IYW751,IYW598,IBW779,,IBKW351,
820874,9236,W2230120505,LabArchChipie12c355  21 H9236D,20.2,FA800-1,FA800-2,FA800-3,FA440-4,FA440-5,,FA800-6,,IBW1415,IRW1374,IYW751,IRW4826,IGYW5340,,IBKW351,
820875,9236,W2230120507,LabArchMaTante12c355 21 H9236D,30.3,FA800-1,FA800-2,FA800-3,FA440-4,FA440-5,FA800-6,FA800-7,,IBW1415,IRW1374,IYW751,IRW4826,IGYW5340,IBW4829,IBKW351,
820893,9236,W2230120954,LabSPTrailHoprIPA12c 24 O9236D,10.1,FA800-1,FA800-2,FA800-3,FA440-4,FA440-5,FA440-6,FA800-7,,IBW1415,IRW1374,IYW751,IBRW5032,IYW4025,IGW5319,IBKW351,
820881,9236,W2230120050,LabNUTRL5_ClassicMXR 25 H9236D,101,FA800-1,FA800-2,FA800-3,FA440-4,FA440-5,FA440-6,,,IBW1415,IRW1374,IYW751,IRW4226,IGYW4370,IBKW3406,,
820882,9236,W2230120048,LabNUTRL7_VDK_Mxr12c 25 O9236D,25.25,FA800-1,FA800-2,FA800-3,FA440-4,FA440-5,FA440-6,,,IBW1415,IRW1374,IYW751,IGYW4370,IBKW351,IBKW3406,,
820666,9236,W2230120076,LabNUTRL7_V_BeryMx12c25 O9236D,30.3,FA800-1,FA800-2,FA800-3,FA440-4,FA440-5,FA440-6,,,IBW1415,IRW1374,IYW751,IGYW4370,IBKW351,IBKW3406,,
821152,9236,W2230120052,LabNUTRL5_TropMXR12c 25 O9236D,20.2,FA800-1,FA800-2,FA800-3,FA440-4,FA440-5,FA440-6,,,IBW1415,IRW1374,IYW751,IORW3559,IGYW4370,IBKW3406,,
820883,9236,W2230120049,LabNUTRL5vsLime12c   25 O9236D,35.35,FA800-1,,FA800-2,FA440-3,FA440-4,,FA800-5,,IBW1415,,IYW751,IGW4865,IGYW4370,,IBKW3406,
820884,9236,W2230120291,SelectionRed 12can   19 H9236D,60.6,FA800-1,FA800-2,FA800-3,FA440-4,FA440-5,,FA800-6,,IBW1415,IRW1374,IYW751,IRW3089,IBRW1106,,IBKW351,
820888,9236,W2230120084,Lab OK MXR 12 can    25 O9236D,20.2,FA800-1,FA800-2,FA800-3,FA440-4,FA800-5,FA440-6,,,IBW1415,IRW1374,IYW751,IBRW3566,IBKW351,IBKW351,,
821153,9236,W2230120972,LabMK_HDR LmndMxr12c 24 O9236D,116.15,FA800-1,FA800-2,FA800-3,FA440-4,FA800-5,FA440-6,,,IBW1415,IRW1374,IYW751,IYW578,IBKW351,IBKW351,,
820890,9236,W2230120610,LabMKS HD LmndMxr12c 23 O9236D,101,FA800-1,FA800-2,FA800-3,FA440-4,FA800-5,FA440-6,,,IBW1415,IRW1374,IYW751,IYW578,IBKW351,IBKW351,,
820896,9236,W2230120974,LabMH_IceT Mxr12can  24 O9236D,20.2,FA800-1,FA800-2,FA800-3,FA440-4,FA440-5,,FA800-6,,IBW1415,IRW1374,IYW751,IYW4677,IBW3848,,IBKW351,
820887,9236,W2235120025,PCRed 0.5% 12c       20 H9236D,90.9,FA800-1,FA800-2,FA440-3,FA440-4,FA440-5,FA440-6,FA800-7,,IRW1374,IYW751,IBRW4439,IRW728,IBRW4440,IRW1415,IBKW351,
820886,9236,W2230120955,LabBudLtChelada12c   24 H9236D,70.7,FA800-1,FA800-2,FA440-3,FA440-4,FA440-5,,FA800-6,,IRW1374,IYW751,IBW5365,IRW4692,IBW3150,,IBKW351,
820894,9236,W2230120971,LabPBV CoreMxr12c WE 24 O9236D,20.2,FA800-1,FA800-2,FA440-3,,,FA800-4,FA800-5,,IRW1374,IYW751,IBW4239,,,IBW4095,IBKW351,
820889,9236,W2230120487,LabBDED_BerryBch12c  21 O9236D,20.2,FA800-1,,,FA440-2,FA440-3,FA800-4,,,IBW4181,,,IRW757,IBW3992,IBKW351,,
820892,9236,W2230120486,LabSchooner          21 H9236D,20.2,FA800-1,FA800-2,FA440-3,FA440-4,,,,,IYW1468,IBW770,IRW2925,IBW5359,,,,
820895,9236,W2230120548,LabMH_NostalgicMxr12 22 O9236D,30.3,FA440-1,FA440-2,FA440-3,FA440-4,FA440-5,FA800-6,,,IBW4726,IBW4939,IRW4505,IBW4462,IBW4152,IBKW351,,
820878,9236,W2230120622,LabBuschIce6% 12c    23 H9236D,70.7,FA440-1,FA440-2,FA440-3,FA800-4,FA440-5,,,,IBW3993,IBW3992,IGYW3994,IGYW5340,IBKW351,,,
821085,9236,W2230120513,LabBud NTL 12c355ml  21 H9236D,151.5,FA440-1,FA440-2,FA440-3,FA800-4,,,,,ISW95,IRW3082,IBW5094,IBKW351,,,,
820879,9236,W2230120055,LabBudZero12c355 BIL 25 H9236D,90.9,FA440-1,FA440-2,,FA800-3,,FA800-4,,,IRW3082,IGYW4337,,IGYW4319,,IBKW351,,
820885,9236,W2230120453,Lab 50 Ale 12can     21 H9236D,60.6,FA440-1,FA440-2,FA800-3,FA440-4,FA440-5,FA800-6,,,ISW95,IBRW669,IYW751,IYW1524,IGW2266,IBKW351,,
820876,9236,W2230120015,LabBuschMaxIce8% 12c 24 H9236D,40.4,FA440-1,FA440-2,FA800-3,FA440-4,,,,,IYW5334,IGYW3994,IGYW5340,IBKW351,,,,
821111,9236,W2278120016,GB Wyatt Rose Mxr12c 24 P9236D,30.3,FA440-1,FA440-2,FA440-3,FA440-4,FA440-5,FA440-6,FA440-7,FA800-8,IGYW5274,IGW5275,IRW2506,IBRW5310,IBRW664,IGW4575,IGYW4704,IBKW351
821568,9236,W2230120098,"Lab Modelo""SPVR"" Rev 26 O9236D",38.38,,,,,,,,,IGIW5630,IGIW424,IBKW351,,,,,
